restaurant,summary
HamiltonRestaurant,"The reviews for The Hamilton are overwhelmingly positive, highlighting the restaurant as a beloved local spot with a warm, family-friendly atmosphere. Customers frequently rave about the ""hotchee dogs,"" a signature dish, along with other menu items like gravy fries, breakfast offerings, and homemade desserts. The service is consistently described as friendly and quick, contributing to a pleasant dining experience. Despite being cash-only, the value for money and homemade quality of the food receive high praise. Some reviews mention the restaurant's old-fashioned"
CarlisleDiner,"The diner generally offers a great variety of food with many customers praising the extensive menu, good value, and generous portions. Highlights include breakfast items like omelets and the Carlisle Feast, and the service is often described as fast, friendly, and attentive. However, there are mixed reviews regarding the quality of some dishes, with a few patrons finding certain food items either mediocre or poorly prepared. Complaints about service inconsistencies, such as slow service or incorrect orders, are noted but not predominant. The"
JohnsHideawayRestaurant,"The reviews reveal a strong appreciation for the restaurant's home-cooked, comfort food offered at reasonable prices, creating a cozy and welcoming atmosphere. Many patrons appreciate the friendly service and the feeling of being treated like family. Breakfast seems to be a particularly popular time to visit, with special mentions of homemade items like sausage and pies. Despite mostly positive feedback, there are a few complaints regarding inconsistent quality, portion sizes, and a couple of negative experiences with specific dishes. Overall, the restaurant is highly recommended by"
FaysCountryKitchen,"The reviews for the restaurant present a mixed bag of experiences. Many patrons praise the friendly staff, cozy atmosphere, and the unique decor featuring Coca-Cola memorabilia. The breakfast menu, particularly the skillets and pancakes, receives numerous positive mentions, with some claiming it offers the best pancakes they've ever had. The Hawaiian pancakes and pecan pancakes were highlighted as favorites."
KimberlysCafeAndCreamery,"The majority of the reviews are overwhelmingly positive, praising the food, service, and atmosphere of the restaurant. Many customers enjoyed the home-style cooking, large portions, and reasonable prices. Special mentions were made of the breakfast items like omelets, French toast, pancakes, and specialty items like quiche. The service was frequently described as friendly, attentive, and accommodating, contributing to a welcoming dining experience. However, there were a few negative experiences noted, primarily regarding inconsistent food quality and service on particular"
GrandmaStamms,"This restaurant has garnered a variety of reviews, with many praising its delicious food, especially the smash burgers, fried chicken, and mac and cheese. The establishment has undergone changes in ownership, which seems to have positively influenced the menu diversity and quality. Customers have highlighted the friendly and accommodating nature of the owners and staff, adding to the restaurant's warm and welcoming atmosphere. Many reviews recommend trying the food here, noting the affordability and the home-cooked style meals. However, a few reviewers noted some issues"
Wendys,"The reviews for this Wendy's location are mixed, with numerous negative comments about incorrect orders, slow service, and unprofessional staff behavior. There are complaints about cold and poorly prepared food, and some reviewers mention rude employees and management. However, there are also positive remarks about friendly staff, good food quality in some instances, and appreciation for hot and fresh orders when received correctly. Overall, there seems to be inconsistency in service and food quality, with multiple instances of customer dissatisfaction predominantly related to service speed and"
WalnutBottomDiner,"The Walnut Bottom Diner receives generally positive reviews, with many customers praising its excellent service, friendly staff, and delicious comfort food. The diner offers a wide variety of menu options, including breakfast served all day, and the portions are described as generous. The atmosphere is typically described as cozy and suitable for families or large groups. While some reviews note occasional inconsistencies in food quality or service, the majority of patrons seem satisfied, highlighting the diner's value for money and welcoming environment. Negative comments are relatively few"
CrackerBarrelOldCountryStore,"The reviews for this Cracker Barrel location are mixed, with some customers expressing satisfaction with the food and service, while others report poor experiences. Positive comments mention good comfort food, reasonable prices, friendly staff, and a nice atmosphere. Negative feedback includes issues with food quality being bland or cold, unsatisfactory service from the staff, long wait times, and incorrect orders. Some reviewers enjoyed specific menu items like the biscuits, while others were disappointed with the changes to the menu or the preparation of certain dishes"
ChickFila,"The reviews for Chick-fil-A are mixed, with many customers praising the cleanliness, friendly staff, and quick service, especially for large groups or during busy hours. The food is generally described as delicious and fresh, with specific compliments to the chicken sandwiches, waffle fries, and customer service. However, there are some negative experiences related to customer service issues such as unacknowledged presence at the counter, rude interactions, and incorrect orders. Additionally, some customers expressed dissatisfaction with the food being under"
PBsKitchenwithSouthernSmoke,"The reviews for the BBQ restaurant are quite mixed. Some customers praise the food for its flavor, portion size, and value, describing the meats like brisket and ribs as well-cooked, juicy, and delicious. They also commend the friendly and quick service, as well as the cozy and welcoming atmosphere, especially appreciating the expanded location and amenities like live music and pool tables."
TheSunriseCafeSandwichShop,"The Sunrise Cafe in Carlisle has received numerous positive reviews, highlighting its welcoming atmosphere, delicious and unique sandwiches, and attentive service from the owner and staff. Patrons praise the use of fresh, high-quality ingredients and the thoughtful preparation of food, particularly the breakfast sandwiches. The cafe is set in a historic building, adding to its charm. However, there are a few negative comments regarding limited hours, slow service during peak times, and some dissatisfaction with the menu and customer service in isolated incidents. Overall"
Grazery,"Grazery is a highly praised restaurant known for its fresh, healthy, and delicious food, including excellent vegetarian, vegan, and gluten-free options. Customers appreciate the reasonable prices, creative menu, and the welcoming atmosphere provided by the friendly and caring staff. The restaurant is recognized for its fast service, even during busy times, making it a favorite lunch spot for many. Despite some negative experiences with service and noise levels when busy, the overwhelming majority of reviews are positive, highlighting the quality and taste of"
One13Social,"One13 Social is a highly praised restaurant in Carlisle, known for its excellent atmosphere, service, and food. Many reviewers have become repeat customers, drawn by the delicious and well-presented dishes, especially the Korean BBQ ribs, Chicken Florentine, and the peanut butter pie. The restaurant also offers a wide variety of drinks, with a particular emphasis on well-crafted cocktails. While the establishment is generally loved for its ambiance and quality of food, there are mixed reviews regarding the price and portion"
TaqueriaLaurita,"The reviews for the Mexican restaurant are mixed, with many customers praising the food as flavorful, authentic, and worth visiting for, while others criticized the authenticity and quality. Positive comments highlight friendly service, clean dining areas, and fair prices. Popular items include tacos, empanadas, and quesadillas, with special mentions of daily specials and the relaxed atmosphere. Negative reviews, however, point to issues such as small portion sizes, high prices for the quality or quantity offered, and some experiences of poor"
MisenosRistroPub,"The reviews are generally positive, highlighting the great food, excellent service, and friendly staff at the restaurant. Many reviewers praise specific dishes like pizza, subs, and pasta, with mentions of large portions and reasonable prices. However, there are some criticisms regarding inconsistencies in food quality, such as an overcooked pizza and a flavorless chicken salad. Additionally, there are complaints about price increases and smaller portions post-Covid. Overall, despite a few negative experiences, the majority of customers seem satisfied and enjoy the"
FairgroundsDiner,"The reviews depict a range of experiences at the diner. Many customers praised the food, noting it as good, with some standout dishes and decent pricing. Several reviews highlighted excellent service, particularly praising specific servers like Tracy and Cindy, who were remembered for their exceptional attention to detail and customer care."
McDonalds,"The reviews for the establishment reveal mixed experiences among customers. While the playhouse and new interactive children's area received praise for being entertaining and fun for kids, there were numerous complaints about the service and food quality. Some common issues mentioned include incorrect and slow service, missing or wrong items, and cold or unsatisfactory food. Despite the modernized ordering systems and renovations, many customers expressed frustration over the inconsistency in service and the cleanliness of the play areas and dining spaces. Some positive notes were on friendly"
MisenoIIPizzeriaItalian,"The reviews for the restaurant are predominantly positive, with many customers praising the quality and taste of the food, particularly the pizza, subs, and Italian dishes. Several reviews highlight the friendly and attentive service, the clean and inviting atmosphere, and the consistency in food quality. Customers appreciate the generous portion sizes and reasonable prices. The restaurant is also noted for its suitability for family dining and its popularity among locals and college students.

However, there are a few negative experiences mentioned regarding delivery issues, occasional poor customer service"
IsseiNoodle,"The reviews for this restaurant are predominantly positive, with many customers praising the delicious and flavorful food, especially the variety of ramen and other noodle dishes. The atmosphere is described as cozy and welcoming, though it can get crowded, and the service is generally fast and friendly. Some reviewers noted the restaurant's small size and the occasional long wait due to its popularity. A few negative comments highlighted issues with service and consistency in food quality, but these were relatively rare compared to the positive feedback. Overall,"
